	word	frequency
0	which	5528265
1	their	4606432
2	other	3503203
3	about	3347361
4	would	2915654
5	there	4100851
6	these	2517149
7	first	2181393
8	where	1809365
9	after	1679664
10	could	1609731
11	those	1408077
12	place	1433915
13	think	1325110
14	child	1369162
15	right	1273133
16	group	1620028
17	local	1348073
18	offer	1176903
19	great	1343274
20	issue	1184210
21	under	1126888
22	start	1106735
23	world	1384646
24	study	1037107
25	order	1049464
26	still	954860
27	leave	946184
28	thing	949399
29	level	1032524
30	point	968382
31	large	925135
32	three	1024949
33	write	906028
34	small	909781
35	event	889239
36	range	845145
37	while	810548
38	every	788248
39	allow	787160
40	learn	762043
41	staff	789049
42	month	735487
43	since	718908
44	visit	732154
45	bring	686929
46	cover	682482
47	might	666603
48	again	669685
49	build	656613
50	value	678729
51	state	808797
52	early	677538
53	skill	632113
54	young	704713
55	price	703507
56	water	686189
57	apply	581440
58	power	639657
59	never	578554
60	often	567534
61	house	970933
62	until	557409
63	cause	557686
64	datum	544664
65	click	666707
66	carry	535926
67	woman	546061
68	above	527803
69	close	544094
70	today	540309
71	begin	498235
72	money	514438
73	party	635828
74	paper	552281
75	share	482779
76	model	508068
77	music	601616
78	image	489961
79	shall	469477
80	light	500492
81	whole	468861
82	major	496263
83	clear	468879
84	class	516641
85	claim	460137
86	least	454581
87	april	446434
88	below	457440
89	march	490536
90	agree	444550
91	night	481977
92	field	479066
93	short	451674
94	along	437396
95	force	483908
96	drive	452207
97	focus	442066
98	human	509724
99	check	423909
100	quite	405293
101	south	544865
102	sound	424440
103	stage	441787
104	email	564340
105	raise	388419
106	space	423095
107	north	518208
108	spend	366605
109	stand	363370
110	enjoy	368518
111	award	460924
112	david	363690
113	later	389965
114	speak	353157
115	final	367383
116	break	345990
117	reach	346704
118	story	362012
119	enter	345109
120	death	341664
121	third	357364
122	serve	322095
123	total	340877
124	guide	453095
125	thank	412829
126	royal	331303
127	heart	338181
128	wales	298536
129	plant	320930
130	exist	290488
131	basis	292592
132	sense	287914
133	table	348354
134	track	304146
135	among	283342
136	front	311847
137	train	299135
138	legal	337300
139	limit	281771
140	style	295435
141	phone	304731
142	refer	274381
143	title	314143
144	teach	275537
145	trust	468969
146	piece	271047
147	match	284286
148	entry	286890
149	trade	356767
150	round	287657
151	grant	311646
152	watch	291011
153	press	463504
154	court	440240
155	board	458510
156	video	308121
157	basic	274541
158	fully	248276
159	print	280577
160	store	262421
161	peter	246156
162	whose	242580
163	topic	239384
164	james	236507
165	speed	234969
166	prove	232598
167	occur	232464
168	treat	229510
169	pupil	229513
170	sport	286330
171	reply	231880
172	route	239316
173	hotel	367616
174	adult	250757
175	avoid	221666
176	jesus	217101
177	white	355834
178	extra	227374
179	floor	222521
180	happy	220948
181	owner	208270
182	black	336313
183	worth	205534
184	fight	200735
185	wrong	197993
186	waste	231605
187	cross	270188
188	voice	214225
189	score	190398
190	quote	202016
191	trial	195593
192	agent	209006
193	photo	210396
194	green	339297
195	catch	180575
196	crime	206348
197	blood	193784
198	drink	183945
199	album	184332
200	aware	171924
201	stock	200413
202	union	333884
203	scale	176046
204	scene	177090
205	block	177580
206	touch	174335
207	chair	174660
208	arise	160142
209	clean	170663
210	theme	167790
211	shape	164262
212	daily	216455
213	ideal	161077
214	error	162398
215	argue	153803
216	alone	156562
217	ready	156990
218	doubt	152254
219	brand	160225
220	judge	170012
221	forum	280792
222	stone	191367
223	prior	172442
224	river	239560
225	maybe	144489
226	smith	147441
227	seven	170516
228	chris	145794
229	joint	189940
230	cheap	155068
231	adopt	142734
232	dance	175669
233	throw	140027
234	earth	197433
235	radio	221661
236	quick	152604
237	movie	147402
238	guest	158770
239	times	135477
240	label	135200
241	faith	149342
242	stuff	137025
243	panel	182841
244	eight	141923
245	leeds	127987
246	truth	140043
247	cycle	143339
248	chief	217806
249	input	130242
250	glass	144220
251	peace	154431
252	ahead	128959
253	brief	136175
254	broad	132575
255	beach	157130
256	venue	141818
257	steve	124161
258	queen	137853
259	index	187385
260	count	136094
261	phase	142575
262	being	121265
263	dream	119880
264	frame	126889
265	stick	122332
266	media	136469
267	worry	117937
268	horse	145203
269	rural	160838
270	sleep	122070
271	heavy	122625
272	asset	125798
273	roman	116954
274	usual	114983
275	nurse	128367
276	sheet	126998
277	fresh	122506
278	equal	130032
279	admit	111487
280	india	112149
281	brown	156556
282	apart	111764
283	delay	110975
284	poker	122690
285	pilot	108658
286	birth	119201
287	brain	121790
288	china	114087
289	civil	164362
290	irish	106245
291	vital	109314
292	jones	106306
293	welsh	106237
294	draft	123475
295	dress	112129
296	youth	173695
297	shoot	103552
298	novel	107652
299	henry	101934
300	sight	103534
301	simon	100823
302	prise	98016
303	climb	99708
304	coach	114196
305	truly	95876
306	solve	94295
307	fruit	101512
308	grade	126474
309	chain	104035
310	lunch	101732
311	paint	98069
312	taste	94798
313	noise	99497
314	pound	93784
315	shift	94984
316	elect	89495
317	solid	95747
318	metal	99618
319	blair	87007
320	trend	88374
321	twice	86179
322	marry	86207
323	depth	88966
324	spain	86392
325	metre	84329
326	quiet	88712
327	prime	133525
328	bible	95778
329	relax	84783
330	query	88594
331	virus	88630
332	urban	114776
333	crowd	83595
334	coast	120086
335	links	84162
336	italy	81041
337	wheel	85967
338	brian	80027
339	enemy	81847
340	audio	99988
341	motor	100801
342	found	82140
343	layer	82978
344	scope	81899
345	paris	76591
346	guess	77361
347	japan	75533
348	chart	83391
349	color	83767
350	abuse	81679
351	tutor	91760
352	means	77238
353	cable	83280
354	essay	77593
355	mount	98672
356	scott	70832
357	plate	78259
358	moral	75676
359	minor	80886
360	linux	76492
361	empty	73064
362	proof	74120
363	audit	113013
364	proud	71711
365	sorry	82227
366	adapt	69061
367	pitch	72690
368	hence	68778
369	trace	71940
370	games	68214
371	actor	70481
372	split	72409
373	mouse	77474
374	women	67018
375	laugh	68099
376	steel	83611
377	slide	71130
378	mouth	73789
379	fixed	74175
380	equip	66188
381	upper	91966
382	sarah	66462
383	greek	65113
384	valid	67216
385	iraqi	65489
386	smoke	69174
387	tough	62740
388	array	65294
389	verse	65329
390	craft	73485
391	alter	62997
393	breed	64643
394	crash	66226
395	grand	97735
396	devon	60471
397	books	63351
398	newly	60365
399	angle	63193
400	fault	62418
401	blind	69826
402	essex	60007
403	plane	62704
404	amend	59767
405	smile	61993
406	plain	68335
407	latin	58556
408	buyer	70055
409	roger	57271
410	frank	63770
411	shock	60753
412	adobe	59141
413	canal	107805
414	harry	59020
415	suite	78571
416	funny	59559
417	steal	56109
418	maker	62404
419	boost	59407
420	rapid	62403
421	drama	76863
422	troop	57594
423	trail	73310
424	grass	62453
425	flood	62737
426	lewis	54632
427	spare	56050
428	colin	54047
429	organ	61556
430	sweet	66775
431	helen	52730
432	imply	52696
433	tower	99867
434	vocal	54532
435	inner	59155
436	crown	87244
437	spell	53252
438	mixed	56771
439	kevin	51438
440	alive	53873
441	asian	49970
442	guard	59272
443	alarm	53749
444	lucky	54564
445	blame	49876
446	crack	50932
447	sharp	59396
448	clock	56022
449	shell	67209
450	keith	49793
451	aside	48438
452	ratio	51286
453	tooth	49709
454	exact	48592
455	strip	51584
456	steam	59982
457	sugar	56073
458	lease	51075
459	magic	72038
460	bonus	55225
461	wound	49344
462	yield	47916
463	giant	56727
464	diary	65448
465	usage	51362
466	robin	49128
467	patch	49823
468	flash	72473
469	cease	45483
470	storm	55349
471	tight	46299
472	cloud	49996
473	thick	45900
474	cream	53530
475	alert	53718
476	lower	67692
477	habit	44151
478	loose	46378
479	fifth	52419
480	debut	44442
481	fleet	60497
482	sadly	42994
483	grace	58836
484	sheep	49666
485	glory	46979
486	knock	44289
487	bread	47357
488	taxis	44134
489	lords	42581
490	slope	43693
491	abbey	50316
492	trick	43980
493	fluid	45274
494	curve	44065
495	rider	46704
496	shake	43268
497	dozen	41501
498	mayor	52104
499	squad	47156
500	width	44288
501	pride	52904
502	islam	40157
503	await	39945
504	egypt	39762
505	fraud	47124
506	ought	39570
507	pages	39529
508	unite	41130
509	swing	45245
510	blend	40342
511	stamp	45945
512	grave	42492
513	cater	39559
514	rival	39830
515	logic	48042
516	float	40494
517	incur	38643
518	badly	39693
519	works	38473
520	forth	48344
521	weigh	38294
522	brick	43147
523	rough	44847
524	moore	38117
525	boast	38095
526	yours	43347
527	dutch	38490
528	evans	37557
529	shout	39088
530	barry	38195
531	lodge	66542
532	shore	43608
533	kelly	37368
534	terry	39154
535	smell	38114
536	genre	40208
537	solar	48703
538	merit	40110
539	bruce	36957
540	login	42397
541	embed	36100
542	acute	40710
543	fancy	40546
544	donor	37592
545	alike	34958
546	ethic	34895
547	shame	36340
548	shine	38033
549	steep	35139
550	bless	37387
551	allen	34863
552	smart	60286
553	nigel	34299
554	apple	59650
555	notes	34062
556	nerve	35908
557	fibre	36644
558	derby	37274
559	prize	37077
560	meter	35060
561	piano	43052
562	drain	35702
563	ferry	46461
564	davis	33074
565	clark	32829
566	chase	43093
567	kings	34527
568	homes	32716
569	chest	37682
570	brake	36957
571	pixel	34571
572	craig	32673
573	shelf	37227
574	grain	34035
575	shade	33961
576	tonne	32197
577	sweep	33470
578	medal	45105
579	react	31868
580	fence	32953
581	outer	37446
582	added	45586
583	erect	31619
584	queue	32402
585	sites	31501
586	rules	31447
587	graph	33153
588	fifty	33207
589	ocean	57884
590	renew	32489
591	lover	34525
592	burst	31867
593	blank	33752
594	rugby	53177
595	billy	32071
596	bully	31988
597	brush	33940
598	laser	39764
599	adams	30580
600	susan	30436
601	anger	33015
602	upset	30292
603	villa	48664
604	stake	30976
605	reign	31431
606	lobby	32381
607	baker	35276
608	korea	29688
609	angel	51403
610	stall	30915
611	tired	30421
612	slave	32097
613	wells	29320
614	lyric	31336
615	twist	32831
616	opera	50775
617	sixth	41690
618	stack	32112
619	hello	40062
620	shirt	31712
621	jason	29206
622	allah	28650
623	comic	33062
624	karen	29052
625	liver	32048
626	lloyd	28421
627	slice	29606
628	gross	33124
629	rally	39230
630	truck	33278
631	angry	30608
632	heath	35558
633	modem	31745
634	alice	27695
635	seize	27442
636	spray	30500
637	derek	27124
638	texas	42631
639	cliff	43076
640	super	53765
641	merge	27735
642	hedge	29703
643	isles	26761
644	scare	26675
645	cheer	27757
646	armed	35781
647	widen	26373
648	unity	33809
649	knife	29336
650	grasp	26116
651	valve	28237
652	bunch	27221
653	voter	25985
654	sunny	29483
655	juice	28396
656	louis	26600
657	manor	46838
658	alien	30257
659	clerk	43320
660	jamie	26189
661	carve	25470
662	bench	30555
663	forty	27353
664	tools	25296
665	litre	25978
666	drift	26967
667	flesh	26811
668	drill	27639
669	stair	26117
670	linda	25007
671	sheer	24976
672	screw	26079
673	remit	25524
674	charm	26364
675	annum	26771
676	theft	28717
677	julie	24744
678	flock	25719
679	brass	35229
680	diver	29280
681	janet	24579
682	ghost	36241
683	carol	29482
684	annoy	24475
685	badge	30375
686	arena	37191
687	dirty	29514
688	brave	27435
689	czech	23946
690	blast	27019
691	setup	28208
692	shaft	25907
693	flame	26954
694	awful	23646
695	excel	34085
696	sword	28515
697	cards	23446
698	choir	37783
699	maria	23349
700	mould	24927
701	jenny	24011
702	santa	24022
703	stain	23848
704	clive	23091
705	clare	23072
706	geoff	23045
707	panic	22946
708	girls	25020
709	spite	22914
710	yahoo	30143
711	greet	23864
712	globe	33351
713	bound	25815
714	pause	23553
715	scrap	23321
716	basin	30882
717	cloth	23913
718	gauge	24785
719	wreck	23601
720	thats	30831
721	probe	24297
722	danny	22135
723	blues	22104
724	sales	27087
725	laura	21873
726	crazy	28342
727	fatal	21830
728	batch	23759
729	cabin	24236
730	spark	24042
731	clash	24478
732	silly	22992
733	elite	30243
734	hills	21609
735	mills	21606
736	honda	21595
737	glaze	22232
738	handy	24702
739	costa	22329
740	paste	23352
741	moses	21419
742	blade	25661
743	weave	21231
744	jimmy	22133
745	parks	21127
746	pulse	24187
747	sally	22203
748	ridge	30822
749	swiss	21010
750	noble	30573
751	sauce	24195
752	debit	27458
753	wayne	20663
754	saint	39760
755	arrow	25416
756	trent	20533
757	drunk	21250
758	guild	24963
759	rover	23086
760	stare	20356
761	realm	21697
762	robot	24152
763	goods	20320
764	blake	20280
765	forge	23664
766	steer	21580
767	kenya	20047
768	tribe	22083
769	align	19977
770	tesco	20703
771	towel	20514
772	swear	19826
773	crush	20654
774	flush	20562
775	decay	20661
776	gonna	21730
777	spoil	19527
778	onion	21095
779	weird	21070
780	chaos	24329
781	sandy	32539
782	aston	19206
783	widow	21366
784	allan	19098
785	nokia	20435
786	stoke	21506
787	canon	27323
788	snack	19954
789	annex	29914
790	quest	26290
791	diana	18808
792	mercy	23936
793	grove	24266
794	radar	23580
795	ditch	19661
796	salad	21296
797	plans	18484
798	nasty	19531
799	harsh	18472
800	woods	18467
801	tempt	18466
802	dairy	23820
803	cheat	20069
804	eddie	18378
805	nappy	21385
806	glove	18899
807	marsh	28465
808	strap	19450
809	dover	18155
810	swell	19952
811	intel	18849
812	chill	20091
813	patio	19685
814	ruler	19122
815	likes	18693
816	repay	17911
817	civic	30254
818	marie	17860
819	feast	21829
820	julia	17655
821	wheat	20127
822	slate	19871
823	token	18454
824	smash	18669
825	burns	17382
826	amaze	17335
827	olive	23420
828	ellis	17225
829	digit	18124
830	thief	17169
831	sixty	19641
832	fever	21996
833	punch	21780
834	luton	17030
835	curse	18528
836	bride	24042
837	euros	18487
838	utter	16895
839	ample	17406
840	fiona	16864
841	beast	20849
842	maths	29925
843	marks	16580
844	oscar	17556
845	penny	29486
846	whale	20923
847	grind	16500
848	rooms	17423
849	toxic	17843
850	tommy	17212
851	wight	16366
852	poole	16354
853	rebel	19265
854	miles	16244
855	exile	17614
856	spine	17795
857	linen	18494
858	stars	16133
859	eager	16123
860	devil	27345
861	saxon	16120
862	dates	16101
863	orbit	17409
864	hobby	18078
865	elder	21405
866	giles	16038
867	crawl	16859
868	wendy	15914
869	ralph	15913
870	haunt	15887
871	lorry	16830
872	admin	29969
873	ofcom	17991
874	relay	19304
875	corps	24065
876	saudi	15655
877	eagle	23196
878	scout	24651
879	years	20732
880	scary	17155
881	mason	18880
882	dense	15473
883	shrub	15465
884	lanka	15453
885	loyal	16690
886	sweat	16393
887	uncle	24683
888	snake	18847
889	cargo	18090
890	miner	17161
891	loans	20143
892	plead	15217
893	known	15809
894	tiger	24946
895	perth	15146
896	creep	15141
897	macro	17055
898	jerry	15779
899	awake	15649
900	metro	18317
901	clyde	15061
902	ankle	15712
903	emily	14960
904	satan	14922
905	carer	17316
906	flour	16227
907	spill	14762
908	ethos	14686
909	thumb	15581
910	naval	28201
911	perry	15101
912	vegas	18394
913	urine	14519
914	proxy	16567
915	bowel	16154
916	trunk	16095
917	leigh	14433
918	focal	15637
919	jacob	14340
920	noisy	14935
921	isaac	14327
922	naked	16276
923	crisp	17340
924	lucas	14224
925	chord	14740
926	guilt	14665
927	files	14128
928	honey	21404
929	tokyo	14052
930	tudor	15257
931	clubs	14022
932	gavin	14016
933	spice	18808
934	joyce	13916
935	bleed	14394
936	ensue	13842
937	scots	14795
938	tidal	15707
939	defra	27277
940	quota	14609
941	rigid	14445
942	multi	22005
943	tract	14564
944	onset	13642
945	alloy	14830
946	drown	13587
947	rifle	17314
948	groom	17168
949	midst	13541
950	straw	22800
951	reset	14962
952	skirt	13457
953	niche	14036
954	cruel	14534
955	bobby	14827
956	stiff	14612
957	wharf	16320
958	reuse	14650
959	grief	14359
960	worse	16415
961	shark	17109
962	toast	14469
963	vague	13220
964	fairy	19545
965	prone	13183
966	bryan	13124
967	tours	13036
968	pedal	15387
969	hurry	14047
970	hindu	13000
971	katie	12999
972	depot	17778
973	ghana	12963
974	trait	12958
975	deter	12901
976	hefce	12845
977	chunk	12832
978	heads	12827
979	gerry	12818
980	stove	13634
981	milan	12788
982	syria	12726
983	coral	18222
984	lemon	18772
985	roast	15439
986	viral	13686
987	angus	12609
988	altar	14149
989	herts	12534
990	puppy	13929
991	pence	13309
992	blogs	14995
993	venus	12507
994	malta	12506
995	crude	12497
996	faint	12489
997	tenth	14070
998	scent	12478
999	cache	15097
1000	tense	12445
1001	perch	13218
1002	yacht	18340
1003	disco	17733
1004	grape	13517
1005	wrist	12997
1006	facts	14113
1007	hayes	12358
1008	surge	12325
1009	rhyme	13528
1010	cough	12244
1011	brook	15919
1012	annie	12206
1013	vivid	12838
1014	rocky	18437
1015	larry	12160
1016	chalk	15933
1017	bloke	12110
1018	demon	15420
1019	ulcer	12099
1020	flick	12948
1021	hatch	17563
1022	dwell	12042
1023	gypsy	12008
1024	ideas	13176
1025	sudan	11958
1026	swift	22734
1027	lever	14599
1028	cheek	12446
1029	scrub	12832
1030	haven	22616
1031	ozone	11705
1032	delta	16662
1033	liner	12697
1034	abide	11651
1035	chile	12225
1036	labor	15131
1037	trout	15875
1038	gifts	12101
1039	fetch	12301
1040	flank	11496
1041	honor	14597
1042	wagon	13002
1043	hardy	17546
1044	amiga	11435
1045	dales	11431
1046	evoke	11428
1047	gland	11423
1048	const	11410
1049	porch	12874
1050	lines	11390
1051	oxide	12306
1052	kerry	11349
1053	alpha	19805
1054	prose	13284
1055	oxfam	11841
1056	circa	12251
1057	users	11292
1058	foods	11288
1059	witch	19665
1060	minus	12373
1061	birds	11764
1062	renal	13333
1063	older	11756
1064	tumor	11079
1065	favor	11070
1066	kenny	11068
1067	chant	12526
1068	wigan	11064
1069	roads	10989
1070	funky	13275
1071	brace	12393
1072	canoe	12883
1073	berry	18225
1074	vinyl	13680
1075	tasty	11476
1076	flyer	13099
1077	tread	10852
1078	motif	12576
1079	tales	10807
1080	exert	10803
1081	pearl	17899
1082	kyoto	10772
1083	cohen	10738
1084	elbow	12005
1085	teams	12326
1086	gates	10724
1087	drugs	10724
1088	blaze	12774
1089	falls	10717
1090	fatty	11735
1091	aaron	10678
1092	nepal	10670
1093	lenin	10670
1094	nancy	10651
1095	dixon	10634
1096	diane	10614
1097	banks	10589
1098	hague	10580
1099	booth	17786
1100	cling	10570
1101	verge	10568
1102	skull	11709
1103	scoop	11456
1104	clamp	11316
1105	forms	11371
1106	flora	17529
1107	aisle	11007
1108	epsrc	10398
1109	didnt	17072
1110	torch	12138
1111	atlas	17787
1112	betty	10329
1113	crewe	10325
1114	belly	10867
1115	films	10901
1116	derry	10251
1117	nevis	10232
1118	volvo	10185
1119	clone	11164
1120	cymru	10121
1121	irony	10115
1122	enact	10102
1123	bloom	18159
1124	dylan	10056
1125	stalk	10053
1126	shaun	10052
1127	idiot	11184
1128	versa	10045
1129	ellen	10045
1130	brent	10039
1131	trees	9996
1132	walsh	9995
1133	choke	9986
1134	amino	10938
1135	defer	9958
1136	spawn	9921
1137	timer	11308
1138	watts	9869
1139	recur	9856
1140	cathy	9848
1141	toxin	10395
1142	vista	14125
1143	hound	11832
1144	expel	9817
1145	waist	9793
1146	jewel	13005
1147	stray	10831
1148	payne	9724
1149	erode	9718
1150	pagan	13377
1151	barge	11310
1152	bacon	18012
1153	pizza	14146
1154	lakes	9580
1155	hazel	12645
1156	hinge	9529
1157	songs	11237
1158	holly	12307
1159	nobel	9509
1160	polar	15954
1161	psalm	16565
1162	mound	11070
1163	nicky	9419
1164	spoon	11766
1165	units	9393
1166	sands	9367
1167	reiki	9350
1168	muddy	10160
1169	boots	9320
1170	cuban	9315
1171	shiny	9982
1172	glenn	9284
1173	rings	9274
1174	resin	9990
1175	slash	9817
1176	spike	16777
1177	stunt	9970
1178	hands	9222
1179	lynch	10225
1180	goose	13647
1181	crest	16346
1182	flare	9132
1183	alias	10697
1184	flute	12436
1185	dubai	9123
1186	funds	9722
1187	rosie	9074
1188	risky	9064
1189	codes	9057
1190	vault	11313
1191	buddy	15121
1192	traps	8997
1193	paula	8995
1194	frost	17982
1195	denis	8990
1196	petty	12354
1197	maize	10237
1198	burke	8939
1199	sauna	10180
1200	dwarf	12985
1201	sneak	9476
1202	miami	8918
1203	diego	9546
1204	hover	8882
1205	pasta	10263
1206	belle	9950
1207	shows	8853
1208	doyle	8810
1209	arial	12755
1210	stark	11251
1211	percy	8751
1212	micro	17148
1213	kylie	8693
1214	firth	8693
1215	dodgy	8680
1216	prune	8675
1217	edgar	8667
1218	crane	14817
1219	optic	9173
1220	stern	12832
1221	wrath	8612
1222	elvis	8612
1223	siege	10644
1224	delhi	8607
1225	purse	10191
1226	freak	8602
1227	moray	9280
1228	plato	8564
1229	shear	9394
1230	drake	9243
1231	cisco	8493
1232	inter	14044
1233	loser	9005
1234	berth	9021
1235	safer	8452
1236	rolls	8423
1237	mourn	8406
1238	bates	8396
1239	curry	13953
1240	facet	8386
1241	witty	8382
1242	polly	8381
1243	ninth	10478
1244	nanny	11404
1245	taper	8342
1246	lotus	9571
1247	croft	10888
1248	fauna	9390
1249	halls	8294
1250	abbot	12458
1251	singh	8292
1252	ultra	14920
1253	chess	14096
1254	floyd	8229
1255	swamp	9834
1256	sting	9982
1257	edwin	8206
1258	baron	12029
1259	pinch	8953
1260	dummy	8687
1261	names	8103
1262	genus	8085
1263	grill	10749
1264	wedge	9617
1265	mario	8061
1266	vicar	14019
1267	parse	8028
1268	lapse	7995
1269	notch	8584
1270	wanna	9677
1271	monte	7963
1272	johns	8769
1273	tracy	7956
1274	epson	7938
1275	deity	7931
1276	infer	7921
1277	mixer	8990
1278	indie	10066
1279	creek	11259
1280	riley	7870
1281	bucks	7850
1282	tweak	7786
1283	yeast	8617
1284	weary	7773
1285	cairo	7747
1286	dread	8246
1287	chick	9282
1288	vinci	7728
1289	sewer	8322
1290	heron	10340
1291	amuse	7698
1292	bbsrc	7672
1293	thigh	7671
1294	kathy	7659
1295	vicky	7651
1296	cooke	7643
1297	freud	7627
1298	lynne	7626
1299	ascii	8319
1300	lions	7608
1301	daisy	9969
1302	rates	8721
1303	bingo	12583
1304	lewes	7564
1305	leith	7555
1306	mphil	7519
1307	bleak	8327
1308	relic	7500
1309	donna	8025
1310	romeo	7477
1311	assay	8220
1312	debug	7458
1313	rowan	8301
1314	dryer	8466
1315	tempo	8449
1316	glide	8246
1317	buffy	7333
1318	steak	8536
1319	larva	7312
1320	words	8442
1321	avail	7268
1322	judah	7239
1323	adore	7230
1324	shane	7227
1325	halve	7224
1326	beard	10441
1327	quinn	7211
1328	carlo	7207
1329	cadet	11241
1330	ledge	7801
1331	colon	8033
1332	byrne	7126
1333	comet	11107
1334	tenor	9138
1335	erase	7107
1336	smear	7102
1337	powys	7097
1338	keane	7088
1339	texts	7073
1340	polio	10263
1341	cubic	7072
1342	vince	7043
1343	parts	7034
1344	stool	7031
1345	serum	8070
1346	laden	11702
1347	agnes	7008
1348	windy	8558
1349	oasis	11582
1350	rogue	10803
1351	greed	6984
1352	merry	13667
1353	flint	12161
1354	alton	6960
1355	flynn	6959
1356	stump	6931
1357	adorn	6930
1358	roots	6926
1359	monty	6903
1360	cecil	6903
1361	kinda	6856
1362	piper	9283
1363	skate	8040
1364	wiley	6845
1365	elton	6835
1366	shalt	6827
1367	poise	6819
1368	tests	6816
1369	gloss	7922
1370	snail	7642
1371	lyons	6779
1372	weeks	7625
1373	towns	6770
1374	intro	9498
1375	ounce	6766
1376	burnt	8029
1377	boyle	6749
1378	niace	6735
1379	twain	7754
1380	grate	6728
1381	whats	11387
1382	marco	6697
1383	roost	6694
1384	lands	6683
1385	amber	11285
1386	vegan	9045
1387	basil	9077
1388	payer	6664
1389	inlet	7535
1390	enrol	6605
1391	cases	7673
1392	gould	6596
1393	slick	7127
1394	plaza	7988
1395	parry	8051
1396	cider	8159
1397	tease	6545
1398	unfit	6538
1399	congo	6526
1400	trash	8071
1401	peril	7264
1402	ahmed	6516
1403	comma	7502
1404	gower	6487
1405	arabs	6483
1406	avian	8773
1407	yates	6479
1408	paddy	7865
1409	racer	7760
1410	fling	7021
1411	endow	6449
1412	moist	6430
1413	tyler	6428
1414	graft	6420
1415	waive	6415
1416	carey	6412
1417	types	7623
1418	franz	6405
1419	kirby	6404
1420	goody	7516
1421	blink	7415
1422	squat	6359
1423	couch	7444
1424	gorge	10519
1425	messy	6339
1426	odour	6327
1427	agony	7186
1428	plank	6889
1429	aloud	7587
1430	poems	6312
1431	sperm	6304
1432	mandy	6299
1433	skier	6289
1434	leone	6287
1435	motto	7364
1436	cloak	6283
1437	naomi	6277
1438	retro	8946
1439	slump	6256
1440	alley	8718
1441	quran	7297
1442	reich	6240
1443	camel	9831
1444	mural	6969
1445	naive	6225
1446	shops	6222
1447	pluck	6222
1448	stile	6741
1449	trawl	6205
1450	becky	6204
1451	munro	6203
1452	flair	6992
1453	irene	6189
1454	guise	6913
1455	brett	6178
1456	clown	7548
1457	ricky	6168
1458	flake	6713
1459	omega	8115
1460	bectu	6122
1461	nikki	6119
1462	nazis	6113
1463	salon	9119
1464	synod	9053
1465	goals	6623
1466	myers	6044
1467	walks	6043
1468	tally	6729
1469	garry	6008
1470	birch	10403
1471	vitro	6931
1472	annan	5963
1473	folly	7952
1474	nylon	7052
1475	truro	5937
1476	stays	5935
1477	crank	6476
1478	shave	6517
1479	rinse	6433
1480	tessa	5924
1481	pluto	5923
1482	brood	5904
1483	cowes	5902
1484	ernst	5897
1485	allot	5878
1486	bulky	5872
1487	felix	5855
1488	sever	5834
1489	rocks	5826
1490	hoist	5825
1491	byron	5821
1492	bruno	5821
1493	biker	6817
1494	hitch	6978
1495	sling	6514
1496	shire	7740
1497	mines	5779
1498	mimic	5778
1499	hurst	5773
1500	hicks	5773
1501	dolby	5771
1502	swarm	6401
1503	ivory	9777
1504	earls	5762
1505	erupt	5753
1506	burma	5736
1507	vowel	5730
1508	anita	5729
1509	nixon	5725
1510	sniff	5718
1511	delve	5711
1512	aroma	5699
1513	crust	5691
1514	nicol	5688
1515	kneel	5687
1516	oddly	5683
1517	klein	5673
1518	groan	5664
1519	cigar	6316
1520	blunt	8490
1521	foyer	7485
1522	wilde	5650
1523	doors	6184
1524	smack	5644
1525	decor	6337
1526	davey	5641
1527	graze	5636
1528	faber	5631
1529	homer	6132
1530	fiber	6184
1531	molly	5622
1532	sober	6134
1533	undue	5618
1534	gough	5603
1535	regis	5602
1536	shoes	5595
1537	humor	6483
1538	docks	5591
1539	ryder	5584
1540	gemma	5571
1541	bitch	6442
1542	lists	5560
1543	eliot	5557
1544	inset	7930
1545	walls	5548
1546	gotta	7495
1547	dusty	7010
1548	doing	6508
1549	chuck	10568
1550	blanc	5525
1551	sleek	5504
1552	lathe	6298
1553	dyson	5493
1554	weber	5474
1555	saver	7835
1556	spear	6985
1557	edith	5446
1558	raven	7632
1559	algae	5439
1560	gloom	5424
1561	slack	7557
1562	shove	5409
1563	jesse	5409
1564	nikon	5408
1565	mysql	6734
1566	somme	5392
1567	inbox	5391
1568	filed	9959
1569	purge	5366
1570	sonic	9671
1571	creed	7871
1572	pouch	5895
1573	jolly	9444
1574	anton	5338
1575	unhcr	5333
1576	cocoa	6695
1577	webct	5977
1578	magna	5297
1579	spade	6013
1580	cyber	8289
1581	mimas	5294
1582	patel	5293
1583	jelly	7488
1584	rainy	5921
1585	trans	10164
1586	shrug	5283
1587	obese	5271
1588	calls	6380
1589	tibet	5252
1590	glare	5249
1591	evade	5242
1592	pedro	5241
1593	usher	8095
1594	stint	6009
1595	libya	5203
1596	jayne	5202
1597	bribe	5202
1598	finch	6623
1599	buggy	6289
1600	dante	5179
1601	lipid	5159
1602	upton	5158
1603	eaton	5157
1604	usdaw	5154
1605	maple	8128
1606	keele	5151
1607	bogus	5958
1608	turks	5128
1609	gully	6739
1610	libel	5640
1611	locus	5856
1612	clump	5116
1613	teddy	8775
1614	chore	5100
1615	telly	5844
1616	foley	5096
1617	duffy	5085
1618	ebook	5082
1619	bunny	9014
1620	tuner	6267
1621	meyer	5059
1622	scuba	9543
1623	avert	5046
1624	rspca	5044
1625	gcses	6327
1626	logan	5040
1627	irwin	5037
1628	locke	5033
1629	rhode	5026
1630	faces	5026
1631	gibbs	5017
1632	mummy	8332
1633	beech	9934
1634	nolan	5012
1635	thine	5871
1636	argos	4988
1637	crate	4975
1638	frown	4969
1639	corel	4969
1640	wield	4955
1641	notts	4953
1642	boris	4945
1643	snare	5582
1644	fuzzy	6126
1645	bland	7128
1646	petal	4935
1647	tithe	6346
1648	refit	4927
1649	anime	6982
1650	niece	4926
1651	mince	5438
1652	acorn	9514
1653	gleam	4915
1654	combo	6253
1655	samba	7358
1656	evict	4897
1657	fiery	5423
1658	xhtml	6118
1659	duvet	4883
1660	ibiza	4878
1661	diner	5662
1662	dodge	7576
1663	gwent	4856
1664	swans	4853
1665	lager	6048
1666	stein	4849
1667	spicy	5641
1668	lofty	4842
1669	paulo	4841
1670	cyril	4834
1671	promo	4833
1672	attic	6307
1673	crete	4817
1674	antic	4812
1675	cello	6390
1676	roche	4803
1677	prawn	5483
1678	lupus	7082
1679	lorna	4774
1680	latch	4773
1681	calor	4765
1682	lance	6640
1683	nasal	4750
1684	gamma	6820
1685	vomit	4745
1686	cairn	7058
1687	negro	4715
1688	bowen	4715
1689	susie	4714
1690	kodak	4707
1691	louse	4702
1692	boxer	6680
1693	lilly	4692
1694	erica	4687
1695	aires	4685
1696	poppy	8095
1697	andre	4676
1698	peggy	4666
1699	twiki	4665
1700	lucia	4663
1701	sonia	4655
1702	otter	7879
1703	lough	5438
1704	daddy	8841
1705	casey	4647
1706	kiosk	5234
1707	wasps	4622
1708	havoc	4622
1709	whisk	4616
1710	maine	4597
1711	remix	6771
1712	piste	5136
1713	bliss	8660
1714	shred	4587
1715	needy	4586
1716	acton	4572
1717	wyatt	4568
1718	hodge	4568
1719	sykes	4567
1720	spire	5230
1721	woolf	4565
1722	chubb	4563
1723	fetal	5335
1724	lunar	7183
1725	slade	4552
1726	royce	4549
1727	mower	5309
1728	druid	5338
1729	brink	5495
1730	bowie	4540
1731	pivot	5590
1732	mecca	5361
1733	youre	6242
1734	blyth	4519
1735	bevan	4516
1736	jules	4511
1737	churn	4503
1738	mover	4501
1739	bells	4501
1740	brady	4496
1741	bands	4496
1742	spoof	4490
1743	baird	4490
1744	conwy	4487
1745	candy	8126
1746	milne	4456
1747	arran	4444
1748	bored	4442
1749	razor	5565
1750	dogma	4412
1751	epsom	4410
1752	meals	4408
1753	henri	4403
1754	boats	4394
1755	putin	4390
1756	wills	4384
1757	trump	5336
1758	modal	5073
1759	poach	4366
1760	hefty	4366
1761	welch	4338
1762	leafy	4337
1763	morse	4335
1764	locks	4335
1765	salsa	7816
1766	syrup	5132
1767	serbs	4332
1768	glean	4328
1769	epoch	4324
1770	thorn	6878
1771	dough	4316
1772	seeds	4312
1773	osama	4301
1774	godly	4300
1775	hairy	5354
1776	booze	4833
1777	rossi	4279
1778	drape	4278
1779	scour	4275
1780	bulge	4266
1781	smyth	4263
1782	pratt	4262
1783	heave	4257
1784	bosch	4253
1785	liken	4240
1786	vodka	5527
1787	serif	4795
1788	arson	5361
1789	scalp	4223
1790	ariel	4213
1791	combe	4202
1792	eject	4198
1793	swoop	4193
1794	orion	4191
1795	eliza	4191
1796	blush	4191
1797	dewey	4190
1798	strut	4187
1799	porto	4187
1800	thurs	4186
1801	woody	6498
1802	emery	4185
1803	cramp	4691
1804	willy	4738
1805	spore	4171
1806	jonny	4166
1807	lynda	4165
1808	selby	4158
1809	ielts	4988
1810	facto	4154
1811	judas	4152
1812	revel	4149
1813	abdul	4142
1814	damon	4136
1815	palsy	5354
1816	celia	4118
1817	drone	4107
1818	wager	4717
1819	caver	4104
1820	savoy	4099
1821	adept	5012
1822	becta	4792
1823	queer	5625
1824	playa	4829
1825	frail	4083
1826	overt	4079
1827	privy	6237
1828	moors	4078
1829	shady	4633
1830	ascot	4063
1831	slant	4057
1832	aidan	4050
1833	ships	4047
1834	risks	6061
1835	boxes	4040
1836	scarf	4649
1837	idiom	4031
1838	amass	4027
1839	hamas	4024
1840	dolls	4016
1841	chime	4975
1842	clara	4000
1843	prism	4556
1844	torah	3991
1845	fried	5929
1846	randy	3988
1847	qatar	3987
1848	nexus	6264
1849	clasp	3983
1850	tanya	3955
1851	apron	3950
1852	craze	3945
1853	vetch	3938
1854	leach	6073
1855	famed	3920
1856	tench	4614
1857	sammy	3910
1858	foray	3904
1859	stead	7303
1860	swirl	3894
1861	looks	4501
1862	bluff	4839
1863	bream	5854
1864	unify	3867
1865	whine	3862
1866	clove	3858
1867	doris	3855
1868	kayak	4757
1869	moody	6864
1870	scorn	3839
1871	ovary	3836
1872	hants	3836
1873	seeda	3835
1874	koran	3835
1875	gable	5382
1876	resit	5537
1877	jolen	3827
1878	ashby	3825
1879	laing	3820
1880	hoard	3819
1881	votes	3815
1882	lymph	3815
1883	icann	3815
1884	ellie	3811
1885	wings	3808
1886	taboo	3807
1887	farce	3800
1888	haste	3798
1889	baton	4744
1890	ahmad	3798
1891	wader	3795
1892	arden	3795
1893	repel	3789
1894	makes	4921
1895	turbo	7193
1896	rotor	4284
1897	pious	3779
1898	medic	4765
1899	caves	3759
1900	samoa	3755
1901	tarot	6476
1902	cells	3750
1903	comfy	3748
1904	siren	4709
1905	megan	3743
1906	benny	3738
1907	binge	3736
1908	brisk	3733
1909	humid	3731
1910	shunt	3729
1911	slang	4299
1912	niger	3727
1913	clegg	3726
1914	rower	3724
1915	waugh	3721
1916	tweed	5068
1917	eerie	3718
1918	nspcc	3711
1919	nudge	3705
1920	palma	3698
1921	horde	3691
1922	rusty	4987
1923	chloe	3685
1924	troll	4594
1925	tummy	3674
1926	flirt	3672
1927	peach	6340
1928	elgin	3667
1929	blitz	6779
1930	tonic	4661
1931	basel	3655
1932	byers	3644
1933	balls	3639
1934	stout	5085
1935	spurs	3628
1936	roles	3625
1937	hobbs	3622
1938	ukoln	3621
1939	monks	3619
1940	tilly	3618
1941	dolly	4889
1942	roach	6154
1943	darts	5040
1944	grail	5075
1945	abort	3609
1946	satin	4948
1947	wimax	4485
1948	crook	6905
1949	claus	3592
1950	bragg	3588
1951	piers	3587
1952	burgh	6045
1953	packs	3585
1954	rabbi	5777
1955	tenet	4228
1956	beget	3580
1957	wasnt	6691
1958	basra	3571
1959	frome	3570
1960	crave	3563
1961	hindi	3557
1962	carte	5911
1963	elgar	3553
1964	niall	3550
1965	paved	3539
1966	lydia	3539
1967	rouge	4517
1968	enron	3537
1969	colne	3535
1970	beryl	3535
1971	dated	4699
1972	costs	4207
1973	andes	3523
1974	prima	4949
1975	sinai	3515
1976	ports	3512
1977	kabul	3512
1978	hogan	3512
1979	alder	5200
1980	innes	3511
1981	ripon	3506
1982	titus	3503
1983	icing	3503
1984	vicki	3496
1985	angie	3495
1986	moira	3494
1987	owens	3490
1988	vigil	5137
1989	rumor	3483
1990	going	5041
1991	bayer	3481
1992	hilda	3480
1993	waves	3478
1994	spool	4331
1995	della	4021
1996	lancs	3464
1997	titan	4680
1998	ching	3458
1999	tamil	3449
2000	grays	3448
2001	haydn	3445
2002	deane	3444
2003	aptly	3442
2004	juicy	4089
2005	taker	3437
2006	norse	3436
2007	quilt	3987
2008	bones	3427
2009	platt	3421
2010	downs	3418
2011	manic	5450
2012	sieve	3416
2013	rospa	3416
2014	neath	3412
2015	anglo	3411
2016	moran	3395
2017	denny	3393
2018	diode	3392
2019	ranch	4855
2020	ernie	3375
2021	coles	3375
2022	genoa	3369
2023	winch	4319
2024	basal	3368
2025	caste	3367
2026	ether	3867
2027	growl	3358
2028	sunni	3357
2029	truss	3965
2030	cameo	3348
2031	wolfe	3344
2032	conan	3341
2033	buses	3340
2034	hilly	3335
2035	dunno	3331
2036	penal	4567
2037	folic	3905
2038	banjo	4180
2039	ashes	3326
2040	mulch	3320
2041	hemel	3320
2042	rouse	4860
2043	drums	3313
2044	kitty	5052
2045	prick	3305
2046	sofia	3295
2047	fanny	3294
2048	wider	4524
2049	turin	3288
2050	heady	3275
2051	chips	3262
2052	horne	3257
2053	groin	3257
2054	races	3252
2055	firms	3242
2056	piety	3241
2057	josie	3239
2058	penis	3233
2059	ripen	3231
2060	hegel	3227
2061	silva	3223
2062	digby	3219
2063	abode	3218
2064	latex	6089
2065	hirst	3216
2066	lopez	3214
2067	nesta	3209
2068	klaus	3209
2069	demos	5031
2070	spout	3207
2071	drury	3203
2072	corby	3202
2073	whirl	3197
2074	pablo	3195
2075	lowry	3195
2076	yemen	3193
2077	tramp	4226
2078	ollie	3186
2079	thier	3185
2080	abbas	3179
2081	helix	4199
2082	exalt	3175
2083	healy	3171
2084	tamar	3163
2085	plays	3163
2086	zhang	3162
2087	poets	3158
2088	lochs	3841
2089	flask	3153
2090	dptac	3152
2091	cowan	3149
2092	adolf	3146
2093	aural	3141
2094	crowe	3140
2095	stale	3137
2096	dukes	3132
2097	minds	3128
2098	locum	3873
2099	soham	3124
2100	sigma	5540
2101	hulme	3123
2102	qaeda	3121
2103	stoop	3889
2104	mayan	3114
2105	omaha	3111
2106	didst	3108
2107	ypres	3106
2108	haiti	3106
2109	marty	3105
2110	neill	3097
2111	wines	3094
2112	hints	3092
2113	bikes	3089
2114	spasm	3088
2115	odeon	3088
2116	umist	3086
2117	dizzy	4093
2118	chang	3072
2119	smite	3067
2120	frith	3066
2121	farms	3065
2122	elsie	3065
2123	egret	4404
2124	cipfa	3048
2125	bears	3048
2126	kitts	3042
2127	plump	3037
2128	hirer	4341
2129	paine	3033
2130	plume	3029
2131	goole	3029
2132	jonah	3026
2133	vedic	3025
2134	scrum	3022
2135	darby	3022
2136	reeve	3019
2137	shaky	3007
2138	jetty	3005
2139	swipe	3004
2140	garth	3002
2141	spate	3000
2142	ofgem	3000
2143	rhine	2995
2144	berks	2995
2145	fable	2993
2146	discs	2990
2147	elude	2989
2148	tasks	2986
2149	avery	2984
2150	whyte	2980
2151	zebra	4615
2152	petra	2969
2153	tania	2965
2154	cyrus	2964
2155	banff	2963
2156	agile	4045
2157	karma	5609
2158	bosom	2960
2159	stink	2957
2160	tonal	2956
2161	tango	4434
2162	papua	2951
2163	opium	3491
2164	strew	2941
2165	oftel	3847
2166	twins	2940
2167	thump	2928
2168	inert	2927
2169	cedar	5520
2170	lycos	2926
2171	lacey	2924
2172	herod	2924
2173	taint	2922
2174	dalek	2916
2175	viola	5230
2176	lowly	2910
2177	pylon	2906
2178	elena	2906
2179	bravo	2905
2180	gripe	2903
2181	tears	2897
2182	curie	2896
2183	mcofs	2895
2184	seoul	2893
2185	sinus	2892
2186	codex	4220
2187	murky	2890
2188	posit	2889
2189	scant	2881
2190	enoch	2879
2191	bella	2879
2192	jonas	2878
2193	citta	2876
2194	edina	2873
2195	alain	2872
2196	moves	3452
2197	mckay	2871
2198	hasty	2868
2199	taunt	2865
2200	mccoy	2863
2201	fritz	2863
2202	meets	2857
2203	axiom	2853
2204	magee	2852
2205	laird	3913
2206	maxim	4891
2207	gnome	4261
2208	affix	2846
2209	logon	3495
2210	fayre	3881
2211	malik	2834
2212	fetus	2833
2213	rivet	2831
2214	exude	2830
2215	brute	2827
2216	itchy	3399
2217	faade	2821
2218	shoal	2819
2219	belie	2805
2220	delia	2803
2221	blurb	2803
2222	donne	2801
2223	snowy	3915
2224	tacit	2792
2225	helps	3305
2226	sachs	2786
2227	popup	2786
2228	islet	2786
2229	mafia	4198
2230	reyes	3295
2231	clich	3937
2232	swede	3428
2233	duchy	3374
2234	folio	4428
2235	leven	2773
2236	timor	2770
2237	wacky	3276
2238	stave	2768
2239	camhs	2766
2240	timid	2764
2241	savvy	2758
2242	leads	2754
2243	furry	3806
2244	xerox	2751
2245	neale	2744
2246	maori	2742
2247	orton	2739
2248	lagos	2737
2249	beinn	2737
2250	misty	4213
2251	heinz	2734
2252	grunt	2729
2253	alfie	2729
2254	fella	2726
2255	cshcn	2725
2256	crops	2720
2257	holme	2719
2258	ewing	2715
2259	rufus	2711
2260	omagh	2711
2261	manga	5243
2262	islay	3282
2263	fairs	2702
2264	belay	2698
2265	ethel	2695
2266	elias	2694
2267	jodie	2692
2268	flats	2692
2269	youll	3817
2270	quark	4272
2271	clwyd	2690
2272	synth	2689
2273	adele	2685
2274	squid	3461
2275	shefc	2681
2276	fudge	4243
2277	heidi	2677
2278	opens	3237
2279	nomad	3584
2280	nairn	2670
2281	atari	2666
2282	sherd	2664
2283	rhino	4469
2284	pparc	2658
2285	peaks	2658
2286	johan	2655
2287	mains	2653
2288	taxon	2652
2289	coins	2648
2290	petit	3502
2291	yorke	2640
2292	eater	3192
2293	alden	2635
2294	higgs	2631
2295	rigby	2629
2296	wired	2628
2297	hydro	5060
2298	mabel	2627
2299	debra	2627
2300	crick	2623
2301	geico	2621
2302	stony	3801
2303	lucid	2619
2304	juror	2619
2305	unwin	2616
2306	paolo	2615
2307	mango	5097
2308	sosig	2608
2309	whack	2602
2310	gulls	2601
2311	plush	2599
2312	thyme	3500
2313	wolff	2597
2314	beset	2597
2315	madam	4606
2316	quash	2590
2317	salty	2586
2318	seals	2583
2319	spoke	2578
2320	toner	3869
2321	quays	2573
2322	newry	2569
2323	argus	2568
2324	idaho	2567
2325	astra	3126
2326	josef	2563
2327	hythe	2563
2328	facie	2563
2329	agcas	2563
2330	dunne	2562
2331	mayer	2550
2332	pools	2548
2333	coshh	2543
2334	quake	4606
2335	creak	2541
2336	cindy	2539
2337	silky	2537
2338	pipit	3500
2339	camps	2535
2340	lille	2534
2341	carla	2531
2342	beans	2531
2343	epoxy	2530
2344	aphid	2523
2345	pager	2513
2346	notre	2513
2347	toefl	2511
2348	imbue	2505
2349	cambs	2505
2350	bowes	2503
2351	crumb	3006
2352	howto	2501
2353	gravy	2497
2354	giver	3206
2355	weald	2496
2356	olsen	2496
2357	dphil	2496
2358	kuala	2494
2359	cleft	2492
2360	ipods	2491
2361	foyle	2490
2362	bower	3169
2363	skype	4524
2364	socks	2483
2365	rides	2481
2366	shale	2479
2367	meads	2479
2368	wreak	2478
2369	boyce	2475
2370	bskyb	2472
2371	mazda	2471
2372	tenby	2468
2373	stott	2468
2374	scull	2467
2375	bauer	2467
2376	kelso	2463
2377	tyson	2461
2378	ninja	3385
2379	hanks	2457
2380	midas	2451
2381	getty	2450
2382	kumar	2446
2383	pitts	2445
2384	ditto	3299
2385	clair	2445
2386	lanes	2444
2387	crypt	3155
2388	radon	3145
2389	named	2437
2390	batty	2437
2391	terns	2436
2392	inlay	2434
2393	terra	3543
2394	libby	2430
2395	curly	3267
2396	halle	2426
2397	corus	2426
2398	smoky	2425
2399	hawks	2423
2400	broom	4818
2401	brock	2419
2402	potts	2417
2403	norma	2415
2404	wynne	2414
2405	knack	2414
2406	allay	2410
2407	lenny	2408
2408	poles	2405
2409	biggs	2405
2410	verde	2404
2411	hotly	2404
2412	envoy	3252
2413	bafta	2401
2414	aztec	2393
2415	nymph	2391
2416	bumpy	2390
2417	stour	2386
2418	befit	2386
2419	camra	2380
2420	nifty	2378
2421	mitch	2378
2422	aries	2378
2423	champ	3910
2424	throb	2375
2425	warne	2373
2426	crche	2372
2427	wards	2371
2428	grebe	3171
2429	unzip	2357
2430	waltz	4254
2431	cilip	2351
2432	beale	2341
2433	hanna	2339
2434	loire	2334
2435	rehab	3196
2436	rosen	2330
2437	patsy	2329
2438	bathe	2326
2439	lurch	2320
2440	geese	2320
2441	afoot	2317
2442	braun	2316
2443	drier	2313
2444	detox	2850
2445	regal	3788
2446	georg	2304
2447	swine	2915
2448	fussy	2297
2449	memes	2296
2450	harte	2286
2451	fives	2950
2452	gregg	2277
2453	quirk	2272
2454	axial	2272
2455	broke	2962
2456	merck	2267
2457	icaew	2266
2458	laban	2265
2459	waite	2262
2460	abate	2262
2461	corfu	2260
2462	jolie	2259
2463	fizzy	2256
2464	daryl	2256
2465	fools	2251
2466	roper	2248
2467	hunch	2246
2468	milky	3641
2469	offal	2237
2470	kebab	2235
2471	yearn	2234
2472	flier	2234
2473	ogden	2233
2474	tulip	4167
2475	rolex	2232
2476	jokes	2232
2477	jihad	4054
2478	feral	2225
2479	clout	2225
2480	jorge	2223
2481	darcy	2222
2482	swets	2221
2483	natal	4277
2484	herne	2217
2485	denim	2847
2486	ionic	3010
2487	braid	3025
2488	melon	2900
2489	sango	2205
2490	orbis	2205
2491	sonar	3263
2492	wally	2203
2493	cynic	2200
2494	munch	3001
2495	joker	3088
2496	hawes	2195
2497	worms	2194
2498	levin	2193
2499	spree	2693
2500	beige	2789
2501	tuber	2185
2502	valet	2184
2503	wants	2796
2504	pippa	2180
2505	usurp	2179
2506	motel	3363
2507	snore	2177
2508	mears	2176
2509	angst	2176
2510	mucus	2175
2511	regan	2173
2512	franc	2865
2513	madge	2169
2514	grice	2168
2515	azure	3395
2516	wafer	2165
2517	extol	2164
2518	caine	2163
2519	riser	2162
2520	virgo	2160
2521	lunge	2160
2522	swale	2157
2523	pairs	2157
2524	parte	2154
2525	fluff	2153
2526	futon	2149
2527	torso	2148
2528	unmet	2147
2529	aspen	3096
2530	chuff	2140
2531	alban	2140
2532	sonny	2137
2533	cdrom	2654
2534	sneer	2134
2535	bowls	2134
2536	heard	2133
2537	davie	2133
2538	trips	2648
2539	potty	2127
2540	eaves	3058
2541	morag	2124
2542	wilts	2120
2543	flout	2120
2544	amply	2119
2545	using	2117
2546	chimp	2112
2547	outdo	2111
2548	matty	2111
2549	mahon	2109
2550	waits	2107
2551	snuff	2105
2552	fowey	2105
2553	swish	2103
2554	defoe	2101
2555	vogue	3768
2556	weiss	2099
2557	roddy	2097
2558	fuels	2097
2559	luigi	2094
2560	hoyle	2092
2561	venom	2699
2562	starr	2084
2563	leech	3369
2564	abyss	2834
2565	souls	2080
2566	llama	2080
2567	linus	2079
2568	clint	2079
2569	fluke	2074
2570	rubin	2073
2571	recap	2073
2572	seuss	2072
2573	addis	2071
2574	wring	2070
2575	erith	2070
2576	mania	3523
2577	faust	2067
2578	waver	2066
2579	luxor	2059
2580	swann	2054
2581	peers	2054
2582	chute	2054
2583	sushi	2752
2584	bryce	2051
2585	tampa	2049
2586	salem	2048
2587	hutch	3142
2588	truce	2045
2589	kogan	2045
2590	maddy	2043
2591	filth	2912
2592	mcgee	2042
2593	steph	2040
2594	sasha	2040
2595	porth	2037
2596	karin	2037
2597	serge	2036
2598	sloan	2035
2599	stomp	2033
2600	fiver	2029
2601	blond	2026
2602	earle	2019
2603	stowe	2017
2604	robyn	2016
2605	plaid	3120
2606	snort	2013
2607	sadie	2011
2608	snipe	3317
2609	feeds	2008
2610	uncut	2586
2611	siena	2005
2612	royle	2005
2613	newby	2005
2614	mckee	2004
2615	chasm	2004
2616	whore	2003
2617	ayres	2003
2618	youve	2973
2619	lousy	1998
2620	bogey	1998
2621	amman	1998
2622	marin	1997
2623	ramon	1996
2624	vibes	1994
2625	micky	1994
2626	servo	1992
2627	timms	1989
2628	whoop	1986
2629	mavis	1986
2630	tunic	1984
2631	govan	1984
2632	schip	1982
2633	dodds	1978
2634	deeds	1978
2635	midge	2695
2636	dawes	1973
2637	wives	1972
2638	wiper	1971
2639	hough	1970
2640	brunt	2786
2641	crohn	1969
2642	banal	1967
2643	yummy	1966
2644	trish	1966
2645	hoare	1963
2646	hertz	1963
2647	scone	2881
2648	proms	1962
2649	meade	1958
2650	cadre	1957
2651	punta	1955
2652	busby	1953
2653	pipes	1949
2654	hanoi	1948
2655	frill	1948
2656	stash	1947
2657	tacky	1946
2658	lilac	2985
2659	joist	1946
2660	sedge	3070
2661	sable	2803
2662	barra	1944
2663	ronan	1943
2664	gorse	2617
2665	stilt	2847
2666	apace	1941
2667	snarl	1940
2668	ulead	1939
2669	nelly	1939
2670	awash	1939
2671	polyp	1938
2672	macho	1938
2673	roald	1937
2674	ucisa	1936
2675	oakes	1932
2676	ethan	1932
2677	dying	2450
2678	shona	1929
2679	greer	1929
2680	shawl	1928
2681	alloa	1925
2682	codec	1924
2683	sigur	2696
2684	logos	1921
2685	inept	1921
2686	armor	2688
2687	rails	1919
2688	glynn	1918
2689	scoff	1917
2690	paton	1917
2691	jazzy	1910
2692	osaka	1909
2693	doves	1908
2694	cobra	3078
2695	fjord	2482
2696	duran	1903
2697	greig	1901
2698	panda	3523
2699	malay	1900
2700	scapa	1899
2701	smelt	1897
2702	sharm	1895
2703	calum	1892
2704	muted	1890
2705	avril	1890
2706	kilda	1889
2707	realy	1887
2708	corwm	1887
2709	limbo	2681
2710	kudos	1886
2711	shite	1883
2712	gange	1877
2713	finds	1876
2714	maher	1875
2715	gives	2482
2716	quito	1872
2717	anson	1869
2718	snell	1868
2719	skies	1868
2720	huang	1867
2721	nestl	1866
2722	items	1865
2723	pepys	1861
2724	dewar	1860
2725	casio	1859
2726	trike	1857
2727	scree	1857
2728	visas	1854
2729	neots	1845
2730	moped	1843
2731	cites	1842
2732	yorks	1841
2733	ukaea	1839
2734	bothy	2362
2735	ponds	1838
2736	fares	1835
2737	colic	1835
2738	cafod	1834
2739	semen	1831
2740	alsop	1831
2741	stoma	1829
2742	strum	1826
2743	lincs	1824
2744	gamut	1821
2745	brash	1821
2746	magma	3214
2747	lieut	1819
2748	triad	2473
2749	guido	1816
2750	flies	1816
2751	vouch	1815
2752	acres	1814
2753	visor	1813
2754	edict	1809
2755	abram	1809
2756	tring	1808
2757	myles	1808
2758	larne	1808
2759	terri	1807
2760	fidel	1807
2761	alvin	1805
2762	areas	1804
2763	silas	1802
2764	monde	1802
2765	sheen	3428
2766	panos	1801
2767	myths	1801
2768	papal	3095
2769	coupe	3181
2770	carta	1798
2771	beats	1794
2772	drool	1793
2773	pepsi	1790
2774	adage	1790
2775	arras	1789
2776	shiva	1785
2777	pinot	1785
2778	roomy	1783
2779	tammy	1782
2780	hippy	2364
2781	moron	1778
2782	bibby	1778
2783	trove	1776
2784	croat	1771
2785	conor	1771
2786	otley	1770
2787	yeats	1768
2788	aloft	1766
2789	louth	1764
2790	mikey	1763
2791	oriel	1760
2792	paget	1757
2793	serco	1754
2794	prank	1752
2795	actin	1752
2796	shrek	1751
2797	fitch	1751
2798	stork	2642
2799	parma	1745
2800	loach	1745
2801	faire	1745
2802	chard	1745
2803	monet	1744
2804	ruddy	2818
2805	odell	1741
2806	scald	1735
2807	comer	1734
2808	scala	1733
2809	grout	2297
2810	santo	1731
2811	calve	1730
2812	oates	1729
2813	nadia	1729
2814	margo	1728
2815	giggs	1728
2816	holes	1725
2817	asher	1725
2818	sugsc	1724
2819	tyres	1722
2820	lundy	1719
2821	amble	2516
2822	byway	1718
2823	dowry	1717
2824	raman	1715
2825	heres	1715
2826	brill	2904
2827	meaty	1711
2828	adair	1711
2829	daunt	1710
2830	yusuf	1709
2831	shawn	1709
2832	hooke	1709
2833	libra	1707
2834	perez	1706
2835	panto	2356
2836	haiku	2458
2837	laity	1704
2838	foggy	2216
2839	karim	1703
2840	wages	1700
2841	parle	1699
2842	verdi	1697
2843	oxley	1695
2844	daley	1695
2845	amiss	1695
2846	mogul	2693
2847	nicht	1692
2848	jewry	1692
2849	jstor	1691
2850	betsy	1691
2851	macos	1690
2852	quell	1689
2853	fylde	1689
2854	marta	1688
2855	howie	1688
2856	manly	2253
2857	snape	1685
2858	patti	1683
2859	keats	1683
2860	cheng	1683
2861	crump	1682
2862	tanks	1681
2863	droop	1681
2864	picts	1680
2865	thorp	1679
2866	spurn	1679
2867	drove	2215
2868	shank	2333
2869	dolan	1678
2870	brawl	1678
2871	moult	1676
2872	menus	1675
2873	sized	1674
2874	liven	1673
2875	vikki	1669
2876	sssis	2420
2877	philo	1668
2878	emacs	3180
2879	timmy	1666
2880	forma	1666
2881	micah	1665
2882	knows	1665
2883	jumbo	2803
2884	booty	1665
2885	spook	1662
2886	haigh	1662
2887	dario	1662
2888	tunis	1661
2889	vichy	1659
2890	capel	1659
2891	leper	1658
2892	glyph	1658
2893	cclrc	1658
2894	renee	1657
2895	shack	2852
2896	babel	1655
2897	tomas	1654
2898	glint	1654
2899	needs	1653
2900	homie	1652
2901	spiky	1650
2902	sgurr	1650
2903	ester	2197
2904	tiara	1648
2905	reeds	1648
2906	sprig	1647
2907	plumb	2389
2908	rhona	1646
2909	hours	1645
2910	quins	1644
2911	bloat	1644
2912	abbie	1644
2913	puree	1643
2914	antec	1643
2915	euler	1642
2916	drawn	1642
2917	noted	2918
2918	kairi	1641
2919	egham	1641
2920	tariq	1639
2921	masse	1638
2922	soggy	1633
2923	machu	1633
2924	gusto	1633
2925	ricoh	1632
2926	zelda	1625
2927	gaunt	2367
2928	cutty	1625
2929	zdnet	1622
2930	turns	1622
2931	carat	2468
2932	hubby	1616
2933	grimm	1613
2934	speck	1612
2935	lotto	2399
2936	haifa	1612
2937	tapes	1611
2938	fagan	1610
2939	avaya	1610
2940	simms	1609
2941	pixie	2495
2942	doxey	1609
2943	coram	1608
2944	pasty	1607
2945	breen	1607
2946	dimer	1605
2947	whiff	1603
2948	kraft	1602
2949	goode	1600
2950	twine	1599
2951	genet	1599
2952	dixie	1597
2953	benin	1595
2954	forgo	1594
2955	nicki	1593
2956	haccp	1593
2957	lange	1592
2958	splay	1591
2959	frock	1591
2960	caius	1591
2961	fonts	1589
2962	haley	1588
2963	thanx	1587
2964	caleb	1586
2965	dalai	1585
2966	canny	1585
2967	lizzy	1584
2968	annul	1584
2969	adler	1584
2970	suede	2518
2971	betts	1580
2972	friar	3094
2973	slime	1575
2974	dowie	1575
2975	mumps	1574
2976	molar	1574
2977	dwyer	1574
2978	jenni	1572
2979	eldon	1572
2980	irons	1570
2981	broth	1568
2982	bleep	1567
2983	psion	2886
2984	darth	1564
2985	chaff	1563
2986	crony	1562
2987	flail	1561
2988	leash	1558
2989	seedy	1556
2990	hamer	1556
2991	aback	1556
2992	thaim	1555
2993	modes	1554
2994	atone	1554
2995	scuff	1553
2996	jerky	1553
2997	grime	2111
2998	verne	1551
2999	gayle	1551
3000	froth	1550
3001	coire	1550
3002	gizmo	2055
3003	bulls	1549
3004	knott	1545
3005	goran	1544
3006	putty	2546
3007	chmod	1543
3008	bures	1542
3009	jaunt	1540
3010	torre	1539
3011	emile	1536
3012	revie	1535
3013	decoy	1534
3014	lewin	1533
3015	genie	2623
3016	dingy	1531
3017	astor	1528
3018	comms	2722
3019	teeth	1523
3020	prion	1523
3021	jaded	1523
3022	cares	1523
3023	sears	1522
3024	aloof	1522
3025	hales	1521
3026	cuppa	1520
3027	engel	1519
3028	barth	1519
3029	ayers	1519
3030	caper	1516
3031	dyfed	1512
3032	cowie	1512
3033	slimy	1509
3034	lamps	1508
3035	aslan	1507
3036	sahih	1506
3037	keble	1506
3038	thame	1502
3039	gucci	1501
3040	elisa	1501
3041	rowdy	1500
3042	lagan	1500
3043	arent	2794
3044	parke	1498
3045	jakob	1497
3046	gomez	1497
3047	bushy	2051
3048	feign	1495
3049	lammy	1492
3050	anode	1489
3051	shirk	1488
3052	asaph	1488
3053	thong	1487
3054	henge	1487
3055	palin	1486
3056	chvez	1485
3057	bjorn	1485
3058	tobin	1484
3059	mayes	1484
3060	hyatt	1482
3061	swain	1481
3062	wylie	1479
3063	scart	3049
3064	hsdpa	1479
3065	dhabi	1479
3066	brits	2036
3067	liase	1478
3068	baggy	1476
3069	paras	2135
3070	kerio	1471
3071	shots	1470
3072	ghent	1470
3073	reece	1469
3074	stops	1466
3075	mller	1466
3076	jacky	1464
3077	winds	1462
3078	knoll	2290
3079	dykes	1462
3080	lomax	1461
3081	kiddy	1461
3082	fryer	2084
3083	hines	1459
3084	dakar	1459
3085	tinge	1458
3086	vitae	1457
3087	sayer	1457
3088	wolds	1456
3089	prowl	1454
3090	spurt	1453
3091	tunes	1452
3092	orson	1452
3093	maude	1452
3094	xpath	1448
3095	fader	1448
3096	nutty	1447
3097	condo	1446
3098	arbor	1446
3099	shard	1445
3100	sabre	2848
3101	rains	1445
3102	dowse	1445
3103	rouen	1444
3104	oldie	1444
3105	grown	1444
3106	proni	1442
3107	wince	1441
3108	uncap	1441
3109	sioux	1441
3110	astro	1440
3111	loads	1439
3112	forte	2545
3113	dimly	1439
3114	chili	2074
3115	smirk	1435
3116	xansa	1434
3117	hayle	1434
3118	fells	1434
3119	doran	1434
3120	glaxo	1433
3121	abhor	1431
3122	twigg	1430
3123	elise	1428
3124	stuck	2640
3125	skuds	1424
3126	beers	1424
3127	olney	1423
3128	gules	2474
3129	lumen	1420
3130	hamid	1420
3131	exams	1420
3132	cakes	1420
3133	owain	1419
3134	hasan	1419
3135	grope	1418
3136	vader	1417
3137	malet	1417
3138	decca	1416
3139	carly	1416
3140	aegis	2348
3141	ardex	1413
3142	mahal	1412
3143	qualm	1411
3144	nails	1410
3145	atoll	2284
3146	valle	1407
3147	madly	1405
3148	brize	1405
3149	deans	1404
3150	leaky	1403
3151	crass	1401
3152	tiles	1400
3153	boggy	1400
3154	shown	1399
3155	ville	1398
3156	seine	2073
3157	texan	1395
3158	sybil	1395
3159	glade	2026
3160	cajun	1394
3161	ewell	1391
3162	fleur	1389
3163	leroy	1386
3164	mosul	1384
3165	barns	1384
3166	arnie	1384
3167	revue	2680
3168	brine	1382
3169	haute	2050
3170	chive	1380
3171	vapor	1378
3172	lambs	1377
3173	lexus	1375
3174	kites	1375
3175	falco	1375
3176	humax	1373
3177	gupta	1372
3178	capri	1371
3179	mardi	1370
3180	mirth	1369
3181	menai	1368
3182	louie	1367
3183	garda	1367
3184	dando	1367
3185	berne	1367
3186	usaid	1366
3187	lucie	1363
3188	covet	1363
3189	fiend	1362
3190	hummy	1361
3191	runny	1360
3192	altis	1360
3193	glebe	2514
3194	cubit	1359
3195	posix	1358
3196	bigot	1358
3197	zetoc	2593
3198	decry	1355
3199	suzie	1354
3200	swami	1353
3201	keira	1350
3202	duane	1350
3203	aswan	1349
3204	morph	1348
3205	howes	1348
3206	donny	1348
3207	lomas	1342
3208	coyle	1340
3209	cowal	1340
3210	hymns	1337
3211	galen	1336
3212	chung	1336
3213	pesky	1334
3214	mcrae	1334
3215	hades	1334
3216	cadiz	1333
3217	frodo	1332
3218	canto	1332
3219	whist	1331
3220	iskra	1331
3221	rhone	1330
3222	hosea	1329
3223	freda	1329
3224	prada	1328
3225	alamo	1328
3226	gauze	1327
3227	peake	1325
3228	modus	1325
3229	bdmlr	1325
3230	hippo	2480
3231	surah	2183
3232	troon	1320
3233	skoda	1316
3234	lindy	1316
3235	debts	1315
3236	topix	1314
3237	julio	1314
3238	brava	1314
3239	vance	1313
3240	coder	1313
3241	bakke	1313
3242	hyman	1311
3243	clips	1311
3244	lurid	1310
3245	bylaw	1310
3246	impel	1309
3247	corey	1309
3248	selly	1308
3249	jacko	1308
3250	atkin	1308
3251	saved	1307
3252	sodom	1306
3253	kafka	1305
3254	cusco	1305
3255	ringo	1302
3256	coats	1301
3257	vidal	1300
3258	sward	1300
3259	ryton	1300
3260	masai	1300
3261	jared	1300
3262	dacre	1300
3263	bello	1300
3264	vines	1298
3265	ssris	1298
3266	copse	2315
3267	pears	1297
3268	legge	1296
3269	greta	1296
3270	tesol	1295
3271	quill	1977
3272	kurds	1295
3273	ezine	1961
3274	chemo	1295
3275	ecole	1294
3276	ryman	1293
3277	elate	1292
3278	mirza	1291
3279	janis	1290
3280	cupid	1290
3281	sacks	1289
3282	iqbal	1288
3283	avant	2068
3284	pumps	1287
3285	mungo	1287
3286	markj	1286
3287	esher	1286
3288	sides	1285
3289	given	2050
3290	assoc	1284
3291	accra	1284
3292	femur	1283
3293	dench	1281
3294	nimmo	1278
3295	sligo	1277
3296	rigor	1277
3297	minco	1277
3298	chavs	1800
3299	sabah	1276
3300	manse	2015
3301	dhaka	1276
3302	fungi	1275
3303	asbos	1832
3304	elmer	1273
3305	piggy	2313
3306	picky	1272
3307	minke	1272
3308	serie	1271
3309	clime	1271
3310	ciria	1271
3311	fines	1270
3312	sloth	1268
3313	ofwat	1768
3314	spock	1266
3315	inuit	1265
3316	balmy	1265
3317	xviii	1963
3318	femme	1263
3319	bough	1263
3320	birse	1262
3321	boyne	1261
3322	errol	1259
3323	coyne	1259
3324	snoop	1995
3325	zappa	1256
3326	sells	1256
3327	fishy	1256
3328	wrest	1255
3329	daiwa	1255
3330	lawes	1254
3331	hamza	1253
3332	cumin	1253
3333	copac	1252
3334	cabot	1252
3335	trope	1251
3336	whizz	1250
3337	batod	1250
3338	verve	2179
3339	osman	1247
3340	mater	2223
3341	chico	1247
3342	boden	1247
3343	tykes	1245
3344	cynon	1245
3345	sepia	1243
3346	djing	1243
3347	agnew	1243
3348	croix	1242
3349	ember	1241
3350	reese	1240
3351	quack	1240
3352	ahern	1240
3353	jenna	1239
3354	sizes	1237
3355	tonge	1236
3356	aryan	1236
3357	alexa	1236
3358	posse	1235
3359	filly	1235
3360	dubya	1235
3361	dinah	1235
3362	calle	1234
3363	hywel	1233
3364	budge	1933
3365	probs	1232
3366	kiely	1232
3367	bonds	1232
3368	bmlss	1232
3369	girth	1231
3370	fabio	1231
3371	pussy	1230
3372	loves	1229
3373	kouga	1229
3374	rabid	1228
3375	untie	1227
3376	zeiss	1225
3377	khmer	1225
3378	gloat	1225
3379	butts	1225
3380	irate	1224
3381	becks	1224
3382	serps	1223
3383	melee	1223
3384	bogie	1222
3385	gmail	2008
3386	sooty	1912
3387	joins	1219
3388	danes	1219
3389	imran	1217
3390	barca	1217
3391	tatty	1216
3392	quorn	1216
3393	patty	1216
3394	arete	1216
3395	suppl	1215
3396	pitta	2069
3397	quail	2355
3398	petri	1213
3399	morfa	1213
3400	lumpy	1212
3401	colts	1212
3402	wicks	1211
3403	segal	1210
3404	twirl	1209
3405	footy	1208
3406	olson	1207
3407	ecusa	1207
3408	gecko	2395
3409	lucca	1203
3410	filey	1203
3411	holst	1201
3412	jools	1200
3413	tells	1199
3414	liber	1197
3415	kegan	1197
3416	hyper	2101
3417	trier	1195
3418	pixar	1195
3419	fianc	1195
3420	rerun	1194
3421	boxed	1194
3422	fiche	1193
3423	erich	1191
3424	soooo	1189
3425	steps	1188
3426	plait	1188
3427	sdram	1186
3428	eames	1186
3429	codon	1186
3430	gipsy	1732
3431	esure	1185
3432	dinas	1185
3433	prodi	1184
3434	opine	1184
3435	ruins	1183
3436	hawke	1182
3437	exxon	1182
3438	knapp	1181
3439	erika	1180
3440	corgi	2296
3441	leila	1179
3442	carew	1179
3443	mobil	1178
3444	hearn	1178
3445	kills	1175
3446	stena	1174
3447	pryor	1174
3448	judea	1174
3449	giddy	1174
3450	milly	1172
3451	campo	1171
3452	corba	1168
3453	noone	1680
3454	lazio	1166
3455	hayek	1166
3456	largs	1164
3457	forex	1164
3458	bligh	1164
3459	algal	1164
3460	akira	1164
3461	knead	1163
3462	cueva	1163
3463	aider	1163
3464	perma	1162
3465	marek	1161
3466	rebut	1159
3467	erwin	1159
3468	tuple	1157
3469	mitre	1969
3470	cower	1157
3471	bufvc	1156
3472	lacan	1155
3473	girly	1154
3474	techy	1153
3475	macau	1153
3476	floss	1151
3477	tawny	1762
3478	anvil	1935
3479	kirov	1149
3480	cosmo	1149
3481	bayes	1149
3482	coleg	1148
3483	blare	1147
3484	hijab	1698
3485	kinks	1144
3486	uclan	1143
3487	flaky	1143
3488	biffa	1143
3489	afore	1143
3490	jerez	1142
3491	lifer	1141
3492	hinds	1141
3493	trite	1140
3494	raffi	1140
3495	pavel	1140
3496	rizla	1139
3497	quart	1138
3498	spode	1137
3499	soapy	1137
3500	aboot	1137
3501	rupee	1136
3502	moose	1997
3503	huron	1136
3504	amine	1136
3505	stent	1646
3506	stacy	1134
3507	norah	1133
3508	keene	1133
3509	horus	1133
3510	pines	1131
3511	hiker	1131
3512	meier	1129
3513	rpsgb	1128
3514	baden	1128
3515	wierd	1127
3516	param	1127
3517	edlug	1127
3518	hoole	1126
3519	ennis	1125
3520	bezel	1125
3521	sworn	1124
3522	noddy	1124
3523	brigg	1124
3524	tombs	1122
3525	supra	1122
3526	mundi	1122
3527	mondo	1122
3528	auden	1122
3529	matte	1121
3530	fodor	1121
3531	ababa	1120
3532	loved	1119
3533	laver	1119
3534	keown	1119
3535	hasnt	1956
3536	gooch	1119
3537	ambit	1119
3538	rudge	1118
3539	flows	1118
3540	rican	1117
3541	chirp	1117
3542	aging	2072
3543	lotte	1111
3544	serra	1110
3545	jaffa	1110
3546	ibook	1110
3547	spies	1108
3548	porta	1108
3549	nimhe	1108
3550	janus	1106
3551	totem	1606
3552	dijon	1103
3553	optio	1102
3554	cesar	1102
3555	mayne	1100
3556	rohan	1099
3557	pipex	1735
3558	dhtml	1099
3559	belts	1098
3560	brest	1097
3561	concs	1096
3562	frond	1094
3563	haden	1093
3564	adder	1617
3565	whois	1932
3566	quasi	1092
3567	medea	1091
3568	dandy	2097
3569	niven	1090
3570	fleck	1880
3571	bombs	1090
3572	uzbek	1088
3573	plier	1088
3574	arsed	1088
3575	vogel	1086
3576	tully	1086
3577	showy	1086
3578	huish	1086
3579	rawls	1085
3580	scowl	1084
3581	fedex	1084
3582	binns	1084
3583	aegon	1084
3584	pease	1083
3585	pygmy	2050
3586	npfit	1081
3587	larus	1081
3588	pleat	1080
3589	leung	1080
3590	leahy	1080
3591	largo	1080
3592	liszt	1079
3593	keeps	1079
3594	edify	1078
3595	scold	1077
3596	mensa	1077
3597	mambo	1077
3598	idris	1076
3599	gutsy	1076
3600	rated	1075
3601	kicks	1075
3602	elses	1075
3603	pryce	1074
3604	bahia	1072
3605	asean	1072
3606	mores	1071
3607	xterm	1070
3608	nader	1070
3609	elegy	1602
3610	middx	1069
3611	coxon	1069
3612	sacha	1068
3613	pmetb	1068
3614	mrcvs	1068
3615	joshi	1068
3616	delft	1068
3617	chefs	1068
3618	lovin	1067
3619	decal	1067
3620	lorne	1066
3621	motet	1065
3622	anion	1065
3623	loony	1064
3624	infra	1064
3625	hulse	1064
3626	alibi	1064
3627	worcs	1063
3628	qaida	1063
3629	prweb	1063
3630	buena	1063
3631	paths	1732
3632	ailsa	1061
3633	sheba	1059
3634	joust	1059
3635	jamal	1059
3636	zaire	1058
3637	steed	2013
3638	jenin	1058
3639	folks	1058
3640	oncol	1057
3641	mamma	1933
3642	sloop	1056
3643	viper	1857
3644	missy	1055
3645	slots	1054
3646	saucy	1054
3647	paige	1053
3648	ongar	1053
3649	bernd	1053
3650	hynny	1052
3651	terre	1051
3652	pliny	1051
3653	ibrox	1051
3654	crews	1050
3655	mundo	1048
3656	jiang	1048
3657	wilma	1047
3658	pushy	1047
3659	psych	1047
3660	buell	1047
3661	qubec	1045
3662	ochre	1045
3663	navel	1045
3664	zorro	1044
3665	aorta	1044
3666	scarp	1043
3667	booby	1041
3668	retry	1039
3669	randi	1039
3670	pubic	1039
3671	picks	1039
3672	ziggy	1038
3673	garde	1038
3674	ranma	1037
3675	lives	1037
3676	krebs	1037
3677	geeky	1037
3678	esect	1037
3679	massa	1036
3680	butch	1787
3681	bleat	1036
3682	hadas	1035
3683	griff	1034
3684	manny	1033
3685	jaime	1033
3686	rioja	1031
3687	tabby	1724
3688	phono	1029
3689	salle	1028
3690	lefty	1028
3691	gilly	1028
3692	bloch	1028
3693	verso	1788
3694	denby	1027
3695	idyll	1025
3696	doric	1025
3697	rolfe	1024
3698	saeed	1023
3699	anzac	1023
3700	snout	1022
3701	plots	1022
3702	tubes	1021
3703	aunty	1609
3704	tywyn	1017
3705	neagh	1017
3706	swoon	1016
3707	maida	1016
3708	boyes	1015
3709	babes	1015
3710	lapel	1013
3711	pires	1010
3712	zrich	1009
3713	tesla	1009
3714	inman	1009
3715	ceres	1009
3716	bronx	1009
3717	pasha	1008
3718	najaf	1008
3719	havre	1008
3720	aisha	1007
3721	senda	1006
3722	specs	1005
3723	redox	1005
3724	mange	1005
3725	wilks	1004
3726	quoth	1004
3727	davos	1004
3728	babar	1004
3729	goats	1002
3730	tonga	1000
3731	husky	1796
3732	comte	1000
3733	mbeki	999
3734	lexis	1617
3735	deere	999
3736	creme	1691
3737	swath	998
3738	lifts	997
3739	iliad	997
3740	coset	997
3741	bugle	1690
3742	tabor	995
3743	naxos	994
3744	easel	994
3745	delle	994
3746	brody	994
3747	bjork	994
3748	gallo	993
3749	ditty	993
3750	birdy	993
3751	sparc	992
3752	akbar	992
3753	combi	1564
3754	takes	988
3755	carex	988
3756	bourn	988
3757	solas	987
3758	mommy	987
3759	selfe	1590
3760	karst	1567
3761	ewart	985
3762	vioxx	984
3763	perle	984
3764	motte	1774
3765	baits	984
3766	baulk	983
3767	raoul	982
3768	jeans	982
3769	corfe	982
3770	tones	981
3771	palms	981
3772	cllrs	981
3773	shrew	1808
3774	hakim	980
3775	bites	980
3776	mcnab	979
3777	gamer	979
3778	outta	978
3779	palau	977
3780	fosse	977
3781	perks	976
3782	dolce	976
3783	olden	975
3784	corsa	975
3785	wrack	974
3786	icons	974
3787	forde	974
3788	fargo	974
3789	cabal	974
3790	inane	973
3791	abdel	973
3792	mkdir	972
3793	wanda	971
3794	grady	971
3795	frege	971
3796	cooks	971
3797	souza	970
3798	gents	1675
3799	hagen	969
3800	clore	969
3801	acids	969
3802	mainz	968
3803	gauss	968
3804	garca	968
3805	comes	968
3806	bandy	968
3807	skuas	967
3808	manon	967
3809	leics	967
3810	fuchs	967
3811	phpbb	966
3812	plath	965
3813	vijay	964
3814	essen	964
3815	cocky	964
3816	biome	1790
3817	phill	963
3818	keogh	962
3819	aimee	962
3820	sassy	960
3821	tibia	959
3822	jilly	959
3823	tiree	958
3824	sandi	958
3825	picos	958
3826	libre	958
3827	wicca	957
3828	pathe	957
3829	senna	956
3830	nsaid	956
3831	bairn	956
3832	aluko	956
3833	towne	955
3834	sleet	955
3835	eamon	955
3836	trudy	954
3837	taken	954
3838	jemma	954
3839	foote	954
3840	bovis	954
3841	salix	953
3842	warns	952
3843	piero	952
3844	overy	952
3845	crimp	952
3846	bendy	952
3847	staid	951
3848	nodal	950
3849	plonk	949
3850	pants	949
3851	kline	949
3852	crake	948
3853	senco	947
3854	pique	947
3855	larks	947
3856	cuzco	947
3857	anwar	946
3858	stags	945
3859	weedy	944
3860	wcdma	944
3861	terse	944
3862	goofy	1654
3863	bills	944
3864	wyeth	943
3865	seton	943
3866	incas	943
3867	trine	942
3868	dross	942
3869	celeb	942
3870	speer	940
3871	auron	940
3872	saves	939
3873	loner	939
3874	wogan	938
3875	crags	938
3876	anova	938
3877	vireo	937
3878	moshe	937
3879	leake	937
3880	skulk	936
3881	pcsos	1504
3882	keanu	936
3883	wispa	935
3884	rocha	935
3885	hunts	935
3886	golly	934
3887	sinew	933
3888	monza	933
3889	cavan	933
3890	spina	1550
3891	kendo	932
3892	conte	931
3893	tinto	930
3894	logie	930
3895	gigha	930
3896	dusky	1639
3897	theta	929
3898	zyban	928
3899	sakai	928
3900	riots	928
3901	marys	928
3902	raine	927
3903	nigra	926
3904	silty	924
3905	reade	924
3906	poore	924
3907	chock	924
3908	alwyn	924
3909	letts	923
3910	heald	923
3911	gouge	923
3912	mundy	922
3913	leary	922
3914	brice	921
3915	zonal	920
3916	douse	919
3917	terms	918
3918	museo	918
3919	vexed	917
3920	salim	917
3921	ysgol	916
3922	liter	915
3923	rocco	914
3924	merle	914
3925	innit	914
3926	gimme	1562
3927	gaudy	913
3928	denys	913
3929	bling	913
3930	oprah	910
3931	https	1667
3932	bonar	909
3933	suits	908
3934	sanyo	908
3935	padua	908
3936	klass	908
3937	danby	908
3938	cryer	908
3939	vries	907
3940	busch	907
3941	bevel	907
3942	povey	906
3943	pinus	906
3944	ebsco	1533
3945	bagel	906
3946	dobbs	905
3947	chios	905
3948	octet	904
3949	khaki	903
3950	beggs	903
3951	seeks	902
3952	ravel	902
3953	cline	902
3954	beyer	902
3955	corny	901
3956	mates	900
3957	desai	900
3958	coote	900
3959	cetis	900
3960	acnfp	900
3961	wiles	899
3962	kazaa	899
3963	fonda	899
3964	bsria	899
3965	bidet	899
3966	mauve	898
3967	halal	1509
3968	cybit	898
3969	burly	898
3970	bratz	898
3971	meryl	897
3972	barak	897
3973	lolly	896
3974	dunes	896
3975	conti	896
3976	latte	895
3977	hyped	895
3978	ebony	1756
3979	belch	895
3980	basle	895
3981	purdy	894
3982	views	891
3983	tarry	891
3984	reina	891
3985	moyes	891
3986	beira	891
3987	fuego	890
3988	wikis	888
3989	risen	888
3990	tetra	2129
3991	preen	887
3992	peaty	887
3993	lisle	887
3994	janie	887
3995	nafta	886
3996	cerro	886
3997	aviva	886
3998	russo	885
3999	ibsen	885
4000	bytes	885
4001	hydra	884
4002	horny	884
4003	croak	884
4004	bovey	884
4005	ginny	883
4006	ucatt	882
4007	pithy	882
4008	coney	882
4009	mushy	881
4010	haart	881
4011	espaa	881
4012	askew	881
4013	ronda	880
4014	indus	880
4015	speke	879
4016	karel	879
4017	evian	879
4018	skunk	1379
4019	phage	878
4020	krabi	878
4021	yogic	877
4022	xxiii	877
4023	based	876
4024	ruben	874
4025	fugue	1728
4026	tcsec	873
4027	spank	1480
4028	foist	873
4029	batik	873
4030	waken	871
4031	payee	871
4032	larch	871
4033	doggy	871
4034	selva	870
4035	niels	870
4036	burch	870
4037	aslef	870
4038	huhne	869
4039	holds	869
4040	cited	869
4041	caron	869
4042	wrote	868
4043	spitz	868
4044	spink	868
4045	gaius	868
4046	emlyn	868
4047	chuan	868
4048	piles	867
4049	hadnt	1464
4050	expat	867
4051	bains	867
4052	majid	866
4053	ofthe	865
4054	marge	865
4055	birks	865
4056	pinto	864
4057	karan	864
4058	bilge	864
4059	sotic	863
4060	horst	863
4061	zaman	862
4062	spent	1475
4063	salvo	1542
4064	phnom	862
4065	tripe	861
4066	tangy	861
4067	lukas	860
4068	satar	859
4069	xxxxx	858
4070	steyn	858
4071	rents	858
4072	nacro	858
4073	males	858
4074	arian	858
4075	huber	857
4076	eider	857
4077	unset	856
4078	otago	856
4079	botox	856
4080	regus	855
4081	bongo	1636
4082	bette	855
4083	ghosh	854
4084	sedan	852
4085	disks	852
4086	built	852
4087	socit	851
4088	trill	850
4089	wishy	849
4090	maris	848
4091	guile	848
4092	pacts	847
4093	croon	847
4094	cafes	847
4095	boron	1497
4096	oskar	846
4097	finca	846
4098	bogle	845
4099	agora	844
4100	praia	843
4101	camus	843
4102	yukon	842
4103	ramos	842
4104	wintv	841
4105	parys	841
4106	dirac	841
4107	chide	841
4108	lhasa	840
4109	kamal	840
4110	quine	839
4111	steen	838
4112	irina	838
4113	duval	837
4114	scorm	836
4115	sagem	836
4116	rhian	836
4117	lofts	836
4118	golan	836
4119	surly	835
4120	primo	835
4121	moser	835
4122	lohan	835
4123	meath	833
4124	pesto	832
4125	gyfer	832
4126	byrds	832
4127	grimy	831
4128	freya	830
4129	forts	830
4130	suave	829
4131	sonja	829
4132	neuer	829
4133	miele	829
4134	loath	829
4135	leica	829
4136	ipsec	829
4137	emory	829
4138	deuce	829
4139	blurt	829
4140	onely	828
4141	ndpbs	828
4142	comin	828
4143	lying	827
4144	lyell	827
4145	drops	827
4146	comme	827
4147	noose	826
4148	natta	826
4149	glitz	826
4150	bison	1476
4151	alpes	826
4152	moved	825
4153	guzzi	825
4154	crepe	825
4155	scaly	823
4156	cupar	823
4157	varna	822
4158	timex	822
4159	lingo	1336
4160	eilat	822
4161	debar	822
4162	enlil	821
4163	cosla	821
4164	prong	820
4165	tyrol	818
4166	sonne	1513
4167	salma	817
4168	mlitt	817
4169	hater	817
4170	dalby	817
4171	argon	817
4172	waals	816
4173	mehta	816
4174	lemur	816
4175	waldo	815
4176	heist	815
4177	oxted	814
4178	grubb	814
4179	octal	813
4180	corry	813
4181	sarum	812
4182	wragg	811
4183	saleh	811
4184	chomp	810
4185	caddy	1494
4186	ponte	809
4187	fours	809
4188	owned	807
4189	lexie	807
4190	laine	807
4191	eddev	806
4192	vardy	805
4193	rikki	805
4194	loops	805
4195	raver	804
4196	paley	803
4197	folds	803
4198	brefi	803
4199	vespa	802
4200	satra	802
4201	rgime	802
4202	hesse	801
4203	hagan	801
4204	chink	801
4205	loren	800
4206	ansar	800
4207	presb	799
4208	makin	799
4209	faroe	799
4210	telco	1346
4211	hyena	797
4212	sagan	796
4213	nirex	796
4214	soils	795
4215	baath	795
4216	anand	795
4217	spiny	794
4218	mcfly	794
4219	shand	793
4220	gabor	792
4221	calne	792
4222	teifi	791
4223	phony	791
4224	paola	791
4225	jrgen	791
4226	errno	791
4227	diddy	791
4228	cruse	791
4229	harem	790
4230	becca	790
4231	eenet	789
4232	kamma	788
4233	deign	788
4234	athan	788
4235	junta	787
4236	swill	786
4237	plata	786
4238	novak	786
4239	euell	786
4240	horns	784
4241	greco	783
4242	twang	782
4243	ingot	782
4244	auger	1459
4245	kells	781
4246	butty	781
4247	skool	780
4248	moles	780
4249	hosts	780
4250	herle	780
4251	gabon	780
4252	bases	780
4253	craps	779
4254	aqaba	779
4255	bolus	778
4256	darpa	777
4257	thoth	775
4258	downy	774
4259	pirie	773
4260	gruff	773
4261	diphe	773
4262	monro	772
4263	mahdi	772
4264	masks	771
4265	liege	771
4266	drawl	770
4267	rondo	769
4268	lycra	1274
4269	protx	768
